word,avgScore,numOccurences
,36.0,202806
buffs,97.5,33
buyer,4.0,35
youtube,23.1,797
else,44.1,1343
hobbies,8.4,156
make,40.4,7583
rick,101.5,539
ended,11.3,828
arent,34.8,2880
good,21.2,5166
easily,11.6,177
built,1.9,66
lesson,17.4,276
carnivorous,1.3,3
asked,23.3,704
cannot,25.5,204
becoming,7.1,182
making,20.4,532
boardroom,2.0,2
learned,55.0,568
stereotype,21.8,330
example,20.8,634
apples,2.3,21
application,2.3,83
toilet,2.6,249
challenge,3.3,159
butter,4.0,98
depicted,1.9,15
crystals,1.0,2
ghost,5.0,208
exposure,1.3,24
americanized,2.6,5
sub,35.7,2858
just,43.0,3243
economy,2.5,55
expenses,3.2,28
forget,7.0,347
falcon,2.5,4
classrooms,3.7,4
invention,8.8,243
spilt,1.0,4
mundane,5.8,104
without,35.3,1843
photos,9.1,89
customers,26.1,222
interpretation,2.7,16
casual,25.9,90
clearly,383.3,95
toast,3.7,44
tolerance,2.1,33
zombie,3.3,164
play,32.6,2574
annoying,10.5,540
product,14.4,1000
flim,1.8,4
inconvenience,9.5,81
content,10.9,214
described,4.1,42
murdered,150.8,28
skills,25.7,239
saying,14.8,526
wholesome,5.3,136
besides,7.1,558
affected,9.6,303
spot,38.2,238
mexico,1.7,31
bit,63.5,1577
soul,26.5,136
solid,27.5,48
d,36.8,172484
younger,42.1,396
dream,50.2,1322
arrested,106.9,77
seemingly,51.4,228
after,28.7,2467
that,46.9,32003
because,56.7,1250
thought,17.0,1846
similar,2.4,310
ends,33.5,1781
rickman,,1
oddly,278.4,55
cars,3.0,219
n,37.1,184409
bored,3.6,216
faking,253.7,18
enraged,2.8,5
seriouswhat,,0
comeback,6.4,168
spongebob,2.9,44
war,35.3,3069
majority,2.4,101
fist,2.6,51
bring,20.9,660
razors,1.8,5
remotely,27.2,15
shittiest,3.6,73
got,20.3,2783
couch,12.9,38
attended,2.6,66
uk,2.8,235
teacher,38.8,1000
relatively,446.0,120
pettiest,3.9,86
bird,1.6,82
custody,1.7,15
lower,34.5,154
part,32.3,2981
ridiculously,2.4,37
girls,115.7,646
ideal,5.3,201
afford,4.0,120
technology,5.3,442
space,2.7,413
way,41.2,8241
nonphysical,,1
task,16.8,286
theory,78.2,377
books,28.5,451
rather,30.5,231
breeding,1.8,12
subvocalization,,1
printers,1.8,4
feel,14.6,3902
long,39.7,2637
bought,40.5,436
despite,5.8,132
rolling,2.6,64
importance,35.9,14
bang,3.0,79
greatest,7.3,777
entering,50.5,45
meeting,19.7,159
acceptable,5.8,289
quickly,7.9,153
addicts,2.6,77
grew,6.5,243
extent,1.7,50
fetish,99.5,186
color,2.6,223
dark,14.7,368
overrated,115.9,216
arrest,64.9,129
homo,233.1,130
impactful,1.9,28
flaws,3.1,34
shows,23.2,622
its,29.9,2517
forward,11.1,318
chile,1.0,6
fees,2.1,16
stop,5.7,1365
brush,2.3,63
signs,23.4,323
device,2.8,124
their,56.6,4698
literally,48.6,132
ass,42.6,5139
met,41.7,10322
save,75.4,619
nuclear,8.0,98
fired,157.0,240
tones,1.7,29
dinner,3.2,294
powerful,29.1,106
understand,46.9,865
separate,4.1,75
knowingly,582.7,48
yes,43.5,485
achievement,2.8,142
exist,33.9,1020
mute,2.2,67
pretentious,40.2,44
classic,124.9,247
span,2.0,116
haven,36.0,394
season,4.6,373
futuristic,5.1,24
stand,39.9,1608
shock,14.0,289
item,80.6,1046
hostile,2.7,12
la,33.9,25145
ashamed,220.4,105
mask,8.2,13
scientific,18.3,146
homeless,56.8,152
account,9.8,396
pun,15.2,419
as,37.5,50244
political,2.5,409
homoerotic,1.0,2
disposable,2.7,9
leaders,1.9,58
ea,38.4,50075
honor,324.1,85
videogames,1067.4,32
book,32.1,1928
gamma,1.3,4
other,24.8,6138
bucket,129.1,180
linguists,2.4,8
even,28.1,2583
generating,1.0,7
skip,12.4,105
short,17.5,402
acting,2.9,123
whatsoever,1.7,25
unsettling,503.3,62
may,31.3,397
yet,10.9,618
hold,17.3,500
iq,11.6,674
tell,33.3,2460
true,44.6,987
acronym,4.1,44
donald,9.5,353
missed,13.0,155
free,43.5,1034
phony,2.7,4
teachers,67.6,539
new,9.6,3490
costs,2.6,65
infamous,13.3,42
do,32.1,54531
by,66.8,4106
enjoy,27.6,866
lowest,2.9,88
did,32.0,14565
having,26.1,950
first,34.0,3874
sucks,32.6,62
discount,4.7,34
recent,6.9,891
hacks,34.6,119
arts,35.6,403
r,35.8,191710
except,8.8,170
breakup,25.5,163
studios,2.4,17
numbers,32.0,58
watching,13.4,410
features,15.7,102
find,52.4,2374
seriouswhen,,0
beginner,20.6,48
embarrassing,65.1,778
on,38.6,86326
resolutions,2.6,79
supernatural,3.4,93
living,37.7,872
sweaters,1.5,2
tinder,2.2,125
nearby,51.3,17
flowers,4.3,18
you,33.7,150323
anytime,2.5,25
adamant,2.4,7
offended,5.9,54
ppl,5.6,652
final,91.1,613
serious,32.0,11618
bother,42.3,227
light,12.1,788
british,199.8,135
befriend,7.1,9
rolled,64.1,34
continue,58.6,213
adulthood,8.1,80
quest,23.7,2282
many,61.9,1600
value,6.9,211
injured,9.2,71
plane,54.3,474
considered,30.4,445
microcenter,,1
when,14.1,11034
somewhere,27.7,139
hours,54.4,651
scene,28.9,529
moving,2.9,246
hotel,12.2,146
planned,3.0,53
italian,1.5,22
hobby,8.6,445
music,7.4,1672
crazy,71.1,513
kept,49.0,181
industry,13.2,373
throughout,3.1,129
rename,2.2,47
knew,8.6,594
tape,1.7,69
rage,55.9,936
parties,29.0,82
fastest,434.3,201
strangest,49.1,936
insignificant,4.6,104
cruise,16.7,50
wikipedia,88.3,77
unusual,7.4,246
memorable,32.6,427
poupon,,1
obsess,294.8,173
equivalent,7.9,239
think,34.2,7020
then,30.1,849
obesity,7.2,14
agreeing,4.2,8
battles,2.3,20
employer,3.7,183
gives,93.7,298
occur,3.0,209
possessions,4.7,19
openers,1.7,3
controversies,2.9,9
items,19.7,353
weirdest,46.4,2267
missing,37.0,153
beats,1.9,14
tipping,187.1,37
whole,3.7,504
prince,1.8,44
frequency,1.3,6
expected,23.7,379
servers,3.9,75
the,38.0,95873
visitors,2.1,19
amounts,18.1,26
jealous,2.8,74
compared,2.9,199
magic,3.6,203
level,17.9,299
prisoners,23.7,26
wake,12.3,593
deep,98.7,323
appears,113.9,73
worried,63.7,69
reasoning,2.3,91
reasons,17.9,273
regarded,4.4,36
if,34.1,32859
normally,3.2,100
officers,133.4,166
dessert,2.8,34
yourself,15.1,2558
untrue,8.8,23
creepy,268.6,312
change,29.8,3743
alive,76.7,321
satisfying,6.3,139
improve,190.7,640
unique,17.5,383
happened,61.2,3023
looking,16.3,721
brings,5.2,99
miss,14.9,933
virgin,34.3,173
mods,4.5,45
she,25.1,1510
atm,2.3,160
bed,102.3,657
rollercoaster,1.7,6
conspiracy,92.4,346
optional,1.5,6
conversation,8.1,544
civilization,9.7,71
usa,2.6,548
babysitter,150.5,24
signifigantly,,1
fools,2.5,12
deal,8.8,1784
been,52.8,4985
knows,10.3,230
like,36.8,10024
insult,87.6,371
issue,30.8,489
crowd,2.7,93
chose,3.6,202
fictitious,1.4,9
craft,1.7,81
understood,203.7,127
sources,18.1,131
secretly,244.5,205
girl,87.8,1529
edge,32.6,440
martial,3.7,36
story,46.1,6190
award,26.5,71
ritual,9.2,120
makes,37.2,2491
scientists,108.1,123
purpose,5.2,283
disgusting,9.3,257
train,22.1,254
tweet,5.1,105
base,6.1,579
using,4.8,941
sell,17.8,288
duty,10.8,91
force,6.1,418
transactions,3.4,109
redditers,11.2,118
each,28.6,2038
consistently,8.4,62
iphones,1.3,11
cartoon,25.1,240
rid,27.7,1551
television,4.0,211
advertising,2.6,54
cunning,1.0,2
phone,18.2,1295
leaving,4.6,104
found,85.0,1541
reason,35.8,1416
selfless,2.1,22
obstacles,2.6,15
lives,94.6,335
hair,15.2,420
passed,16.8,180
woman,90.2,455
sad,48.6,587
isn,62.8,1097
actor,25.4,664
sticker,10.7,37
laws,6.3,271
niceness,1.5,2
aren,33.9,3449
owners,17.9,402
chimney,2.0,4
why,19.9,17445
tools,4.0,44
judge,20.9,195
characters,17.4,321
essentially,2.5,24
seen,65.3,3994
liven,1.5,2
superpower,9.4,272
deserted,1.6,17
knowing,104.3,276
saddest,105.1,215
videos,53.8,201
fire,75.7,597
trouble,3.5,217
favorites,2.3,29
yours,14.1,2996
wont,47.6,36
patterns,1.1,16
smoking,4.6,137
cooled,,1
death,39.6,921
try,27.2,3815
prefer,5.5,455
toward,18.4,208
laziest,43.1,49
fear,5.0,520
chance,52.1,520
encounter,46.2,515
nobody,3.9,350
motorist,3.0,3
give,32.5,3239
questions,14.6,632
cared,12.7,213
author,13.5,112
dating,7.9,497
turns,30.4,189
company,88.0,672
feminism,1.5,19
hire,120.4,109
charities,2.5,36
improved,169.9,173
cherished,2.6,17
temperature,2.0,53
stumbled,3.7,59
plot,39.7,327
foolish,1.4,8
school,43.6,2455
things,53.2,4018
pulled,56.5,184
redeemed,2.4,8
apocalypse,3.5,172
howd,2.0,5
now,45.8,11620
exists,140.1,172
chew,1.8,48
ok,51.1,8358
hillary,1.6,37
expectations,16.9,70
mistakes,20.2,109
instagram,3.0,77
flat,3.3,221
sauce,3.7,77
nye,1.5,37
sober,5.5,66
facts,180.7,287
elicits,2.5,4
morty,0.5,23
ironically,4.5,36
possible,4.7,563
act,55.1,11366
cheating,60.0,166
phrase,18.1,535
end,28.1,9230
mild,33.4,101
umbrella,0.8,4
need,42.5,1598
trip,8.0,416
stupidest,53.4,422
dislike,5.1,317
posts,226.7,391
break,29.6,1354
either,119.9,320
country,18.1,2123
watched,37.1,363
earthers,4.6,59
roman,81.8,338
botched,2.1,7
bios,478.9,14
description,1.7,48
should,55.3,4222
caroling,2.0,2
source,13.7,272
close,49.0,795
explanation,214.6,100
abroad,8.2,85
wouldn,35.5,476
runtime,,1
russia,2.0,210
respective,2.0,35
police,66.8,321
set,60.4,880
valuable,7.6,156
celebrate,37.2,157
riders,1.3,11
worth,25.6,1038
infrastructure,0.8,15
pick,6.8,1009
purely,2.0,25
sick,14.2,292
musical,4.5,180
seemed,2.8,116
etc,19.2,1372
real,53.5,6692
alien,18.4,434
depict,4.5,46
levels,1.8,45
harmful,3.7,23
wordsmiths,,1
funnier,2.0,26
feature,24.3,333
lose,72.2,1307
despise,4.7,84
widely,293.1,81
weather,1.9,101
investigation,2.3,44
fans,3.4,250
care,16.0,1547
recast,1.6,21
praise,4.0,45
pretend,18.6,113
rhe,3.1,312
secrets,92.1,154
immediately,37.5,290
collect,4.2,239
paroxysms,,1
reading,4.9,266
recommended,4.1,33
century,4.1,132
anywhere,33.0,191
view,32.7,992
chappelle,1.0,2
gf,29.9,190
cut,48.8,666
stories,9.4,925
combination,3.7,282
friendships,2.3,30
memes,1.4,115
reunion,61.0,21
tired,5.1,246
wanted,22.8,722
alan,2.9,99
decade,14.4,185
theorists,3.1,22
players,36.5,148
pets,10.0,177
amazes,659.4,33
accusation,2.3,79
helps,24.6,124
butt,51.2,371
require,3.2,264
lengths,2.2,17
driving,17.4,349
drug,12.4,458
enforcement,9.0,74
steamiest,0.7,3
ve,40.3,75518
area,3.1,327
pyramids,1.5,8
isnt,1.6,20
receive,132.6,1114
hip,19.1,2300
duck,1.8,34
financial,9.3,195
symmetrical,0.8,5
hamburger,2.2,13
considerably,6.0,8
air,32.4,1473
complaint,2.3,47
areas,2.2,70
post,52.9,1751
hr,30.6,5162
lane,47.1,549
hot,59.2,1008
customer,53.7,704
stat,31.4,1556
filing,1.8,8
these,76.6,449
millionaire,5.8,57
ogres,1.9,104
dreams,12.2,210
nominees,3.5,2
road,4.6,490
suffering,4.2,50
complete,55.8,1309
themselves,25.6,327
cans,63.2,956
weakness,2.7,76
nutella,1.5,6
ironic,8.9,68
further,1.8,42
breakfast,3.5,157
captain,2.7,17
above,2.3,75
scroll,3.5,32
law,32.1,1113
spread,2.5,79
biggest,53.7,2304
badass,12.9,144
bumps,4.9,51
advice,56.4,1654
will,35.3,4887
bizarre,8.8,170
realized,29.8,303
subreddits,60.1,613
legitimately,43.8,50
acts,127.3,418
nest,26.3,435
kings,2.0,26
brand,41.1,458
honest,36.5,298
two,17.6,916
perfectly,10.0,149
conclusion,73.6,20
interesting,66.3,1365
guys,127.1,1167
sweepstakes,1.4,16
winter,7.4,268
profile,2.2,127
sounds,34.9,380
five,42.4,190
damn,43.3,108
flaw,81.0,126
damage,275.9,119
acquaintance,2.7,42
teeth,2.3,115
written,8.7,296
feeling,18.2,766
pentagon,4.4,8
subject,116.1,217
leading,13.1,76
hav,35.0,24120
paul,1.2,28
stranger,16.4,572
ie,37.3,35826
office,44.8,603
stuff,27.4,353
expect,14.7,800
manipulating,1.3,7
past,11.5,1177
deepest,3.2,70
classics,276.0,36
human,24.6,1888
where,43.3,4207
class,46.8,903
accomplishing,6.1,15
box,2.4,294
fluids,1.3,6
standard,65.3,173
more,47.4,3126
quote,25.2,763
mementos,,1
products,4.2,252
bars,2.0,47
seconds,146.7,175
excuse,6.5,266
arranged,2.2,17
become,37.6,1307
hottest,60.3,79
pleasant,3.0,66
society,7.0,650
animals,8.7,293
system,22.2,426
to,32.6,76506
radiation,5.0,6
character,65.5,1626
manage,25.6,482
teens,2.3,88
personal,90.6,1144
biologically,1.8,9
regained,2.5,6
minor,11.0,249
alcohol,9.7,339
left,19.2,670
sneaky,3.4,17
penny,3.2,45
spectator,0.9,8
visited,13.3,166
party,62.7,545
dome,20.7,56
era,49.0,3622
videogame,249.2,166
erogenous,2.5,2
entire,18.3,381
theories,78.1,115
socially,148.0,286
we,34.6,23368
dangerous,40.1,175
random,19.3,551
bullied,3.9,98
sales,68.0,151
frequent,5.1,165
infuriates,5.0,26
overcoming,2.4,11
slowing,2.1,7
almost,16.7,395
cap,110.0,524
social,107.4,1270
grievances,4.2,13
another,6.3,842
them,29.8,4034
coming,6.7,775
previous,42.3,174
journey,3.7,40
helpful,33.5,133
seinfeld,1.5,22
worry,9.0,131
prom,23.6,293
loud,4.4,223
intended,6.7,74
opinions,2.9,130
list,31.2,2048
celebrities,149.5,318
muslims,1.8,17
pro,55.7,8567
boring,27.5,190
porn,77.2,513
places,53.5,304
unspoken,5.1,74
video,59.6,2420
research,6.5,111
redditors,39.7,6889
nazi,2.1,55
does,22.0,5138
ignore,17.6,144
kombat,5.1,7
bun,3.0,108
property,239.9,59
principality,,1
field,52.6,341
adhd,2.1,24
options,1.7,77
definition,2.3,98
sir,19.6,127
desk,13.2,91
attracted,68.8,121
texas,2.6,36
refills,,1
portrayed,36.8,56
out,42.2,22690
came,65.7,1072
fucked,150.4,401
couldn,102.6,325
hits,34.5,67
website,3.3,543
transported,13.5,55
recently,10.1,479
landing,2.3,27
buy,46.0,1369
shitty,83.1,145
handed,53.3,91
interest,65.2,1744
gets,106.2,671
simpsons,108.8,56
lucky,2.5,78
keep,74.2,1385
gain,61.8,1857
towards,17.8,169
lone,78.0,749
small,60.0,1182
track,12.9,287
cops,37.4,133
once,45.2,1538
wedding,67.5,278
warming,1.9,88
aspect,24.5,189
websites,3.3,264
habit,66.0,679
everyday,82.8,469
runs,1.9,38
tone,16.0,259
smoothest,9.3,28
rumor,2.7,57
type,33.4,1148
unacceptable,5.0,54
gay,67.5,328
invaded,2.5,12
mentioning,2.8,16
fun,43.3,3223
really,27.1,2939
hidden,49.0,148
what,41.3,154908
sonic,1.7,13
soon,13.7,215
high,62.2,1789
man,42.0,6570
handle,4.3,313
over,37.6,5712
swap,3.3,69
oddest,70.2,95
dave,1.5,4
looks,92.7,283
caught,112.9,431
former,38.5,575
search,9.9,358
room,14.4,1145
th,39.3,134957
shave,2.9,67
wait,17.8,425
included,136.0,63
broke,4.8,509
sue,29.1,623
also,8.4,344
accept,125.5,659
com,34.7,13815
ink,43.0,8088
problem,35.1,705
launch,1.7,42
whos,34.9,294
celebrity,15.6,1099
his,47.9,6428
in,39.1,114172
child,51.1,2865
replay,3.1,35
annoyed,4.7,58
young,27.1,843
last,37.9,2577
between,15.4,777
guy,96.4,1855
referencing,1.6,7
grown,23.3,116
adult,52.5,1137
fuck,243.5,1169
red,40.5,41020
upgrade,1.8,49
controversial,19.6,94
cultural,198.0,119
figured,3.4,49
working,10.6,595
pizza,5.7,232
monsters,2.2,19
feels,9.5,133
thinks,2.9,85
prank,2.5,259
today,27.4,1995
points,4.5,107
guilty,60.0,373
process,1.9,156
hadn,404.8,65
american,43.4,1468
checking,4.9,50
bankruptcy,2.0,4
gaming,61.2,273
temporarily,2.4,11
gone,18.0,537
disease,3.2,115
lie,34.6,4081
cheap,70.2,486
suburbs,2.6,12
unfamiliar,1.6,8
hear,32.8,3112
laden,1.2,12
little,18.4,779
screen,202.3,196
interview,17.6,376
under,46.3,2310
compliments,4.0,32
opposite,17.9,358
trap,2.2,93
victim,2.9,156
win,34.2,2430
saw,8.2,578
succeeded,2.3,22
discovery,5.1,63
fiasco,2.0,16
seriousdo,,0
personalities,4.8,45
crunch,0.9,11
review,2.5,97
wife,2.4,161
again,49.7,1516
says,45.1,284
job,12.3,3147
describes,3.5,120
birthday,20.0,309
upvote,2.7,174
page,23.7,310
statement,2.9,100
parent,35.0,2864
ten,25.2,6025
episode,14.5,310
pound,2.4,44
attending,2.2,26
anxiety,134.1,331
smell,4.8,420
original,15.1,358
brighten,2.4,31
talk,53.2,1253
eho,6.7,252
start,11.0,1929
tropes,1.5,24
bulk,2.1,23
watch,41.7,1900
totally,47.3,341
existed,10.5,206
app,37.1,9553
donating,2.5,20
layed,8.1,526
songs,7.2,853
i,35.8,194552
beverage,3.0,66
magnitude,7683.3,3
violent,64.6,70
drunk,17.1,473
relationship,22.3,1644
gender,77.8,341
dirty,53.6,129
resembles,3.1,18
unreal,31.4,33
apps,2.8,213
nastiest,13.7,50
horribly,3.6,60
remind,22.7,121
western,13.4,68
impacting,1.3,4
anyone,12.5,1497
simple,36.5,461
physical,5.6,415
congress,1.7,67
disappeared,5.6,62
online,58.2,846
cover,19.0,1111
come,24.4,3943
hasnt,5.0,5
team,2.3,384
mental,64.0,585
logic,73.5,469
eat,24.5,8049
ray,8.9,300
listen,11.1,957
avoid,41.4,407
tips,64.2,948
importantly,4.9,11
whats,12.5,1980
breaker,10.6,95
attacks,14.8,45
stick,5.8,215
regret,10.9,1145
timed,1.6,10
situation,35.6,1036
clients,2.1,45
nonbinary,6.0,2
answered,3.8,106
starwars,4.0,7
wonder,39.1,245
ingredient,7.2,86
plausible,2.5,45
witnessed,14.2,836
vietnam,1.2,21
developed,3.3,94
hotline,24.5,12
tv,29.5,2342
consequences,5.4,158
moved,2.9,330
telling,17.0,165
wise,15.5,428
cats,2.8,173
children,20.9,763
family,11.3,1711
time,16.7,8096
ufo,3.1,58
premise,2.4,26
turn,36.4,2002
blood,2.5,125
statistical,336.8,26
psychology,5.1,36
though,17.5,2121
line,48.3,2213
horrible,3.5,195
wrought,,1
so,39.8,50123
o,35.7,201637
rooms,23.4,127
edgelords,,1
dictator,2.7,53
choosing,3.2,88
sit,20.6,4325
airing,2.6,28
misconceptions,62.4,135
rotten,1.5,23
illness,9.4,182
suspected,2.6,10
describe,3.9,655
encounters,5.5,30
kindest,3.2,41
million,9.5,395
sum,14.3,774
terrifying,14.9,127
name,31.1,2177
propaganda,1.8,22
there,36.2,2919
follow,45.2,529
relationships,4.9,348
shadow,2.3,39
stats,6.0,58
seriouswhats,,0
gold,10.6,347
friendship,4.3,170
food,22.2,2507
romantic,102.3,263
students,30.5,727
regularly,14.4,160
rises,1.4,33
routine,11.5,221
blockchain,1.1,18
doing,29.7,2206
documentaries,2.2,50
well,89.6,957
policemen,2.9,7
sneery,,1
supreme,1.4,31
heart,3.4,439
eliminating,5.3,7
believe,46.5,1644
rugs,5.2,220
countries,9.3,491
fixed,37.0,44
speed,349.8,199
behavior,30.7,220
place,35.7,2438
photo,4.5,283
future,10.2,928
users,13.2,469
problems,50.5,263
piece,31.2,802
ups,74.4,427
became,69.5,402
same,47.8,872
legal,80.6,709
common,77.3,1190
sequels,3.7,18
method,6.7,254
hit,54.1,1987
thankful,2.9,99
fight,5.2,739
money,54.8,1809
currency,2.0,138
lied,3.1,214
made,58.1,4390
injury,11.4,109
big,40.8,3297
references,4.6,35
used,25.6,2027
trash,30.7,163
instead,145.1,606
baker,1.3,19
marriage,78.2,298
mates,4.0,139
courses,2.6,32
life,48.8,10194
micro,4.6,219
actual,54.5,3040
starter,16.4,95
t,36.0,201001
sent,16.3,1381
fairly,3.1,75
modify,1.9,14
throw,51.0,284
slip,2.8,57
gmo,2.9,8
understanding,4.3,86
hetero,2.7,34
types,6.7,242
average,111.8,417
lesser,3.7,163
erase,3.5,61
sacrifice,2.2,53
survived,13.6,67
want,27.6,4214
haters,1.6,21
perfect,12.5,558
evidence,2.3,139
celebrating,2.1,23
foot,2.4,248
creepiest,130.3,513
someone,49.8,8199
properly,3.2,50
different,6.8,1509
going,33.7,2285
everything,7.6,543
hill,6.5,247
deem,2.4,45
city,9.4,680
row,37.5,2015
jobs,4.4,487
pilots,41.4,69
positive,6.2,392
accomplish,148.7,372
comfort,9.0,411
cheapest,2.6,62
downsyndrome,,1
compliment,41.6,270
hearing,4.3,160
attempted,17.3,51
lips,2.1,53
women,109.9,1411
st,37.0,98332
cause,41.8,1940
check,7.2,300
some,41.1,27459
netscape,,1
switched,12.1,59
stigma,3.1,36
enjoyed,3.8,67
read,36.8,2221
trailers,2.1,15
credit,5.2,186
hell,19.6,496
trick,119.6,450
heals,0.3,3
etiquette,9.8,47
often,31.4,800
cheer,4.7,154
react,86.8,751
cashiers,2.3,54
fix,46.5,284
let,65.3,3015
told,69.7,978
broad,5.8,139
bigger,2.5,75
cool,15.3,1002
forces,1.9,29
drive,52.6,974
truth,3.9,252
re,37.3,113899
album,126.5,595
distress,25.4,14
funny,2.9,642
self,21.8,3513
expert,48.9,128
didnt,55.6,41
accident,12.6,503
amount,17.3,463
easiest,30.9,170
somebody,12.2,404
boss,17.4,370
occupied,1.9,19
announce,4.1,58
consider,23.6,1155
april,2.6,14
fought,4.0,40
sale,37.0,285
s,36.1,194177
prompted,18.9,14
second,82.0,529
entertaining,2.4,71
differently,4.1,321
traits,42.4,112
accidentally,8.8,273
reacting,1.5,12
bumper,2.5,23
realize,63.1,1238
boyfriend,44.8,166
back,36.9,3191
humans,44.7,602
prohibit,1.9,13
learnt,4.7,61
spell,3.0,144
hawaiians,1.7,3
week,2.9,898
feed,2.5,92
vegetarians,3.2,48
order,25.2,760
melt,3.2,49
race,55.8,349
all,42.3,19279
park,80.3,257
interests,90.2,54
confident,10.1,79
distance,3.0,106
rpg,2.4,73
technological,2.1,80
chinese,2.1,56
crashed,1.6,12
painful,11.9,126
united,10.1,298
freedom,5.6,60
surgery,7.2,102
unskippable,,1
open,53.9,562
dishes,6.2,52
shot,8.0,163
im,31.0,17669
round,4.4,1391
dialogue,10.0,38
hated,52.0,226
mil,26.2,3528
exclude,1.8,10
university,2.7,236
any,27.6,8685
delusion,3.0,20
disliked,3.6,44
hitler,2.9,84
susceptible,1.7,3
brim,,1
catholics,1.5,15
becomes,42.6,222
waiters,4.1,80
crusader,1.0,2
trend,33.3,297
asking,2.3,203
someones,3.1,34
albums,4.0,112
oldest,6.6,149
improvement,472.1,77
taken,3.9,437
waitresses,2.6,50
clothing,156.9,170
men,51.5,12245
shouldn,14.1,420
player,60.0,335
move,23.7,1033
leave,64.3,485
skeletons,1204.5,15
techsupport,,1
basic,48.0,217
am,39.6,20293
thats,92.6,60
experiences,3.3,356
chocolate,181.6,72
improves,5.9,16
determine,2.8,93
tricks,246.8,211
commonly,45.2,178
tip,75.1,1551
residents,2.1,66
bullies,8.6,84
manufacturing,2.6,7
into,26.6,2535
off,17.0,3348
regular,19.8,382
universally,4.1,45
spacex,2.3,9
pros,12.8,274
sex,63.6,3171
architecture,2.3,7
greatly,4.8,50
chuckle,4.2,15
spin,33.4,113
grey,1.6,31
local,3.3,215
grandfather,2.6,16
joint,2.3,29
lot,37.2,1618
disaster,2.8,112
panic,2.4,53
creative,2.2,209
heard,27.0,1932
interracial,1.0,21
together,7.7,478
kafkaesque,,1
your,28.4,60857
answer,10.9,754
ridden,52.3,6
shit,82.4,1035
ruined,33.8,355
skill,86.0,665
cede,1.7,23
studied,2.1,39
inappropriate,92.1,238
cant,4.8,925
gunfire,1.0,2
hope,10.6,336
pics,2.9,200
funniest,12.5,1243
drinkers,5.0,52
joke,17.8,925
received,116.5,912
complicate,2.4,58
adults,27.7,341
never,76.2,3443
co,28.9,40459
hoodies,1.1,8
harmless,8.9,71
question,25.4,2110
hardest,54.6,372
governments,2.2,28
professional,118.3,404
love,19.1,3035
eventually,3.8,111
notice,105.4,469
days,104.4,949
idea,11.1,1061
quick,5.1,385
suddenly,18.9,381
awkward,45.4,660
reduce,1.9,70
plumber,6.5,25
youre,2.3,35
genuinely,26.7,221
dont,5.6,153
tastes,37.7,130
exactly,28.1,258
longer,22.4,343
calm,6.9,112
ionizing,4.0,2
house,24.8,1010
operational,1.4,5
one,40.5,28958
inside,116.4,329
meet,11.2,699
only,27.9,2402
helped,12.1,283
had,41.1,7948
case,81.4,611
occupational,3.1,7
delicious,5.6,102
surrounding,3.6,35
term,10.3,755
jury,8.7,157
model,2.1,138
stopped,3.6,204
idiom,3.7,49
sudden,16.8,436
filling,3.1,45
ai,31.5,13700
combined,4.2,55
lands,2.2,44
nice,11.7,639
worked,73.1,491
single,70.9,818
google,42.5,362
hate,41.6,2135
takes,9.6,301
attention,47.2,261
tried,15.8,450
overall,451.8,75
much,9.7,2123
significant,4.7,796
based,6.4,435
window,2.9,131
crush,76.5,420
apple,2.1,181
development,1.9,75
eaten,6.9,331
daily,15.6,466
old,38.7,4393
alter,18.7,325
sidewalk,30.7,22
ma,39.9,32704
intrusive,3.7,23
realistically,76.8,73
offend,4.0,119
anxious,8.4,66
devs,2.8,10
disrespect,7.3,31
hilarious,22.8,198
pet,35.5,1559
learn,26.3,1785
instantly,174.2,403
asleep,6.8,200
this,53.6,3943
silver,2.3,23
theirs,4.5,24
members,24.1,275
banks,1.8,13
power,7.9,1016
tutorial,2.1,14
plastic,92.5,64
changing,6.7,168
timeline,3.1,33
lyrics,12.9,282
overused,74.7,44
betrayed,1.9,20
slow,109.0,172
restaurants,2.9,109
stands,7.0,62
nicest,9.7,280
cry,28.1,518
created,17.3,193
clubs,1.6,35
muslim,1.3,34
anyway,14.2,243
own,23.0,5033
festivus,3.9,17
addiction,3.6,147
sweeper,,1
redditor,40.6,7126
are,26.7,34676
views,119.2,206
movie,37.8,5956
movies,45.8,1209
freezes,3.0,6
great,22.8,2141
slash,2.4,9
wondered,1.7,26
misinterpret,3.6,24
defending,13.3,21
stay,16.6,620
cartridges,2.3,3
severity,1.3,3
down,13.7,1528
cold,15.7,293
saved,13.8,223
lifestyles,4.7,7
currently,8.3,603
rich,26.2,394
financially,8.2,62
csi,1.2,5
use,29.0,9184
inept,225.9,8
honestly,69.2,107
memory,6.1,859
bathroom,16.0,227
was,41.4,15523
bay,1.6,32
virginities,0.5,2
restaurant,6.9,545
craziest,17.4,1021
emts,3.5,10
net,52.7,3761
offbeat,1.0,3
ever,50.1,20860
fell,40.6,482
instructional,,1
blanked,,1
revolution,7.6,59
chess,1.4,17
palatable,,1
irrationally,23.7,65
caring,5.0,44
corpses,4.0,3
unpopular,4.7,38
call,25.4,2416
person,48.0,5172
deliver,2.7,203
decide,38.6,517
easier,10.7,312
major,16.5,618
effect,14.7,731
marvel,3.7,79
boom,2.8,45
ones,12.8,1095
song,29.6,4789
reputable,2.6,5
learning,3.5,205
took,127.6,336
eve,45.9,26044
could,24.4,6636
rising,80.1,292
say,24.8,3540
opinion,25.0,1320
pele,2.9,20
subscriptions,2.7,15
hey,41.2,6659
darkest,2.8,87
humanity,4.6,365
spouse,65.8,251
might,260.5,476
series,77.8,621
initially,116.5,63
no,44.3,30291
snape,1.0,2
station,2.1,116
workplace,12.9,236
smash,1.7,30
millennials,243.9,104
still,61.8,2176
loved,12.1,481
youve,2.1,62
ignored,33.3,54
cutscenes,2.0,3
language,82.4,685
strange,35.8,1782
how,19.7,27817
trauco,,1
population,2.4,95
m,38.5,134538
scratch,1.9,72
perform,22.1,291
whatever,156.1,215
bedroom,77.0,66
topic,12.7,340
activity,46.0,264
experienced,68.4,923
against,9.6,651
until,94.4,619
referees,5.8,17
parodies,12.3,7
gonna,45.5,153
risk,3.2,137
away,39.0,1124
invasion,2.3,30
sneer,,1
kiss,25.3,141
later,63.8,499
chapter,2.4,32
outdated,43.9,33
put,43.4,1734
l,38.0,155232
staff,3.8,95
tech,6.3,923
binge,10.0,171
novel,2.7,123
response,50.9,238
accountants,2.1,13
mortal,32.4,124
packages,8.5,29
household,11.1,101
pens,73.5,1141
impact,11.6,569
travel,59.7,1019
record,2.5,208
involved,2.4,190
day,33.7,7561
cheaper,19.3,54
bones,2.0,20
korean,2.1,46
games,44.7,1154
changed,25.6,1136
obscure,234.0,233
imrpove,,1
cases,69.7,75
town,10.4,432
taxes,2.0,63
pleasing,3.8,20
inconvenient,3.0,40
must,73.5,553
strategy,14.0,83
suck,35.6,215
massachusets,,1
respect,111.2,284
growing,70.3,319
hawaii,2.1,16
exam,17.1,797
overcome,3.2,226
preferably,1.6,24
study,14.9,336
favorite,28.4,6664
uncomfortable,5.3,133
resolved,4.1,32
suffered,2.6,57
store,4.8,535
burst,3.6,39
moments,12.3,244
specific,44.6,428
princess,1.9,18
sniff,3.2,10
minutes,61.0,360
lately,26.7,144
playing,39.7,384
ate,31.2,15759
complain,21.9,149
rate,48.9,2142
ways,15.5,2613
game,42.4,4575
gag,3.4,210
getting,53.7,1067
unknown,109.7,140
irrational,13.1,204
listening,11.6,188
vote,2.4,656
went,36.4,700
near,100.7,424
rulers,6.2,4
prison,10.5,184
stopping,2.2,78
underrated,5.1,377
year,60.2,4498
distinct,9.2,29
concert,3.6,161
celebration,1.7,33
bullshit,43.9,138
limited,192.8,124
suicide,44.8,63
issues,58.3,225
extra,78.3,338
shoot,40.7,163
crypto,1.4,118
dollars,17.0,280
result,191.3,354
punishable,2.1,8
glitches,3.3,10
planning,10.4,116
about,47.9,12312
assuming,2.4,117
across,8.8,322
donate,17.1,115
choice,24.6,445
friends,37.6,1520
happy,7.6,813
trait,29.7,276
reddit,42.2,36346
flavors,2.2,29
crushed,2.7,10
east,15.6,1084
pc,43.1,429
coasters,68.0,9
surprised,69.3,318
skateboarding,,1
struggle,12.6,138
show,40.5,3403
rats,3.0,65
truthfully,1.6,21
religion,4.5,302
island,2.3,106
noone,9.3,6
differ,8.7,2057
agencies,1.8,12
state,7.6,1106
affair,2.1,41
me,38.0,68486
weird,46.3,3439
predictions,15.5,65
front,53.5,607
bodily,3.3,28
aim,5.6,262
seriously,4.1,195
career,4.3,599
forever,13.9,296
sympathy,37.7,10
update,9.2,105
total,35.1,478
opportunity,3.1,222
twist,4.2,133
sayings,2.4,42
audiobook,3.1,24
spending,3.1,154
talking,107.3,309
chimpanzee,1.3,6
inner,9.8,442
debuffs,,1
following,226.2,101
embarrassed,3.3,157
easy,6.3,380
winnings,2.7,7
snow,3.4,155
elses,590.6,5
neutrality,24.9,1729
details,2.1,47
is,37.3,75591
being,23.7,2650
emotional,89.5,278
point,55.9,1404
slang,16.1,119
played,8.2,517
us,34.3,36448
falling,3.1,119
suspect,62.7,74
subreddit,26.9,1614
convenient,2.6,67
low,34.6,2427
completely,63.8,950
general,20.4,472
quality,96.6,439
remix,2.0,30
curly,1.8,8
supports,2.0,16
accounts,2.7,120
version,136.8,419
tails,2.6,74
insecure,6.0,52
extremely,202.3,263
were,37.5,7576
annoys,12.0,239
quit,68.1,579
childhood,36.7,752
work,24.0,5836
buffed,5.3,3
barely,5.2,53
card,2.5,282
degeneres,,1
beer,5.2,118
agricultural,2.5,2
an,31.6,79547
attractive,84.4,570
gamers,91.5,586
weeks,2.3,117
terrible,34.9,383
daring,1.5,13
expecting,3.6,48
deeply,527.5,59
bias,2.4,84
fall,28.5,659
graphics,2.7,23
gotten,44.6,748
extraordinarily,1.7,3
release,2.5,221
text,7.6,512
extended,2.0,49
som,41.0,27539
thing,49.1,29420
pain,44.3,470
secret,121.4,1258
bluntly,0.5,2
motel,15.8,28
teach,36.7,1235
form,24.9,1717
rush,60.8,534
artist,85.0,719
hype,181.3,230
discussion,2.1,81
specifically,13.0,93
intro,135.8,387
meal,6.6,502
performance,46.7,119
voice,6.8,248
computers,166.7,65
needs,19.1,327
grave,65.5,83
pretty,30.0,214
employed,13.3,56
liner,105.7,63
studying,31.0,105
mean,24.4,1142
body,56.1,1780
cashing,0.8,5
planet,8.1,250
lawyers,50.4,135
sentence,8.4,306
be,33.8,50411
words,12.8,669
originally,39.5,41
sexy,206.0,173
upon,74.4,319
kicking,3.1,17
fiction,65.0,803
forgive,161.5,124
taj,,1
explaining,4.1,46
which,25.5,6694
add,50.9,1231
masturbating,115.8,58
breakthrough,12.7,29
seeing,14.9,261
nd,26.4,52391
longtime,1.5,4
league,9.8,150
theme,65.9,227
instance,5.0,107
pay,48.8,802
peeve,6.2,216
couldnt,1.0,6
have,35.5,23023
individual,2.6,190
changes,22.0,297
times,14.4,717
who,34.0,19348
nose,273.1,170
appearance,113.5,80
male,14.6,582
something,46.8,8981
pleasure,16.8,280
side,27.2,3858
existence,3.2,140
seasons,4.3,29
goers,5.2,48
twitter,325.0,140
selfish,10.7,36
tabletop,1.5,16
support,7.6,539
firearms,2.4,10
expensive,149.2,532
tomorrow,64.8,402
torture,5.0,39
taking,2.9,357
bad,21.3,2177
parental,2.0,20
or,31.7,85084
college,6.9,1192
than,25.0,3503
our,29.7,63588
signifiers,,1
couples,50.8,284
said,21.1,1434
zero,2.4,76
solution,20.8,336
visit,6.7,593
would,30.4,23439
laundry,3.0,24
lyric,10.8,436
evil,4.5,334
unrequited,2.4,12
role,13.9,231
most,45.0,18258
popular,9.8,808
south,12.3,167
wet,5.1,57
overheard,3.2,106
communism,1.7,26
die,57.4,2372
operators,316.5,32
sense,15.9,427
experience,41.4,4283
recommend,11.1,714
at,39.6,170977
seem,16.6,1228
cope,23.2,375
coffee,6.3,209
fair,2.9,266
measures,1.7,18
plans,2.6,152
title,56.1,549
viewed,7.4,63
structure,1.4,41
knight,2.8,17
world,36.4,3494
advance,109.6,186
mobile,16.8,284
mentions,3.2,13
impression,2.2,96
english,12.2,397
staring,8.3,23
before,12.5,1985
profit,2.1,91
business,96.0,578
bet,25.3,3369
kit,4.4,156
surprise,46.4,485
generation,18.8,325
table,4.8,1058
likes,29.5,151
dumbest,46.5,802
scariest,132.7,632
sequel,44.3,149
help,17.6,1589
demise,3.2,10
apart,7.3,287
taught,32.3,280
remember,24.3,691
wealth,211.4,169
belong,80.7,72
ny,26.4,9991
browsing,4.3,90
picture,3.7,323
rules,6.6,308
better,30.5,2386
member,21.5,1242
called,11.9,444
kong,1.2,5
outside,39.4,376
dining,1.8,26
get,25.5,9200
progressive,1.8,25
stations,2.5,25
hide,2.9,141
date,43.5,1288
boobs,283.2,35
odd,92.8,433
moment,47.6,3077
wank,6.6,12
occurrences,5.0,11
ending,39.1,631
pre,17.2,5593
lingo,2.5,13
eggs,22.1,68
strong,26.3,240
heated,90.4,203
fully,70.6,341
shower,22.3,212
purchase,14.3,435
definitely,80.5,163
heartbeat,1.4,5
useless,10.7,304
mandated,3.8,5
walmart,2.2,52
agree,12.2,305
treated,25.4,72
insight,2.6,20
tells,287.6,137
tattoo,6.9,305
coolest,26.1,406
rule,35.0,743
won,23.3,930
important,19.8,681
non,59.6,2145
k,37.9,72504
people,55.3,15740
wear,6.1,659
artifact,5.2,21
go,24.9,17849
intelligence,34.0,103
seriouspeople,,0
trying,66.5,501
natural,10.6,273
workers,51.8,926
everyone,55.7,1953
hanging,6.0,208
honour,10.6,13
landline,1.5,4
history,64.0,1262
media,54.6,1067
bi,31.1,9180
president,34.2,530
interested,51.5,180
film,29.3,866
and,23.1,34200
korea,133.5,195
birth,15.9,470
redundant,3.5,10
couple,36.2,476
happens,7.0,503
age,38.2,5602
decent,145.9,105
unmerited,,1
earth,34.6,877
finale,59.1,33
weren,39.8,224
alone,78.4,504
myth,60.0,150
word,9.3,1590
difficult,14.6,394
available,8.9,142
lifestyle,12.3,110
portray,18.8,120
smallest,4.2,86
kids,65.5,882
annoy,9.6,950
nerfed,4.3,3
defeated,1.8,16
court,9.3,116
pass,64.7,1004
dogs,20.0,257
terror,2.2,93
flush,3.1,46
useful,33.2,459
chances,1.8,77
europeans,2.9,80
status,2.9,53
coldest,4.0,13
earned,50.7,620
talent,22.9,249
disabilities,29.6,24
idol,2.2,33
due,6.9,276
mic,10.6,754
regards,81.9,50
luxury,451.9,60
equivalents,2.6,14
printing,1.7,12
control,19.4,346
unable,3.9,46
otherwise,20.6,303
prevents,17.1,19
losing,32.9,180
greasy,0.8,4
belief,4.8,218
horizon,1.2,9
vacation,2.2,193
noticing,1379.6,18
brits,53.8,33
giving,42.5,785
plant,2.6,109
of,42.7,51009
astronauts,2.9,10
dude,31.1,59
introverts,61.8,104
states,9.6,434
modern,28.0,408
personally,142.3,267
older,32.3,573
night,42.9,1380
fellow,7.8,325
run,16.1,1081
next,30.1,1276
given,14.6,1127
x,49.8,19679
happen,47.9,5263
hysterical,1.7,13
phobias,2.1,14
ex,51.2,17087
mod,29.6,777
pansy,,1
those,58.3,1667
maintenance,2.6,47
charge,1.9,208
don,53.1,7757
it,35.1,90895
income,10.3,92
publisher,1.9,16
fail,14.7,559
see,42.4,7726
kid,37.8,2122
for,29.0,24914
beat,33.4,271
obese,72.5,23
updated,26.1,29
others,17.6,1040
too,45.7,2443
while,17.7,1916
drinking,15.7,207
pony,2.0,2
pursue,32.1,94
flight,18.8,171
public,13.2,1202
peoppe,,1
far,13.4,1104
passages,2.3,6
cheated,96.9,189
illegal,149.1,316
breaks,43.2,70
jokes,2.4,168
turning,4.2,145
mishap,2.6,14
right,63.7,2829
todays,1.6,25
models,2.3,43
destroy,5.3,233
failure,8.6,105
years,95.6,2279
but,57.8,9221
ask,37.1,3098
angry,7.5,215
worse,190.8,533
safe,3.9,280
anything,6.7,868
lifetime,16.7,195
choose,62.0,1550
corners,3.4,8
consist,9.3,140
matter,6.2,420
ago,54.8,627
teenager,32.3,244
environment,2.4,99
criminal,6.5,164
coast,16.6,40
horror,50.2,477
hack,15.1,310
wars,6.0,312
dab,6.6,94
transition,179.6,75
machine,22.2,179
thoughts,2.7,771
margarine,,1
internet,65.9,1526
actually,56.5,2795
willing,4.4,221
tldr,5.2,21
mandatory,2.3,38
car,36.8,4510
turned,76.8,735
legacy,1.8,16
culture,85.9,595
stockmarket,1.0,2
ancient,9.9,77
my,35.4,1867
op,43.7,26035
rock,12.1,274
generate,1.9,32
enough,8.4,444
trust,188.7,222
hard,67.3,1200
fact,102.7,1349
double,331.7,127
behind,8.9,553
during,39.4,1161
mind,43.7,1210
nsfw,90.9,952
cigarettes,15.4,50
leader,7.7,174
collectibles,1.4,8
access,41.8,219
gun,45.5,284
produce,64.5,142
event,15.7,1371
three,12.5,316
fatality,5.8,5
express,2.5,114
known,63.7,902
false,8.9,182
doesnt,2.6,29
apartment,11.4,121
plumbers,6.9,22
subscribing,1.2,5
theater,45.5,138
killed,149.8,210
ladies,138.0,352
morals,9.1,22
multiplayer,1.6,58
monuments,1.0,6
since,98.9,555
jedi,1.4,63
mary,2.0,79
hopes,2.0,27
knowledge,35.1,355
attraction,67.6,84
necessarily,10.5,67
irritating,2.4,31
behaviors,2.9,32
detectives,3.2,16
fine,7.1,241
feedback,1.4,12
aging,8.2,128
look,31.6,2552
know,48.4,6661
shift,231.5,126
cell,28.5,225
live,47.6,3208
steam,2.6,117
comment,6.5,756
multiple,3.1,135
al,38.8,52723
mode,33.6,657
king,34.2,5157
checkout,69.7,8
cinematic,1.8,32
boost,2.1,42
reinvent,1.9,10
current,19.3,1536
calming,2.6,8
west,5.1,287
lessons,53.3,73
always,22.5,1589
paired,1.7,18
artists,9.0,286
classes,29.3,50
hp,302.7,108
ghosts,4.1,59
spirits,3.3,21
from,33.8,8314
sport,3.9,729
techniques,2.6,60
band,72.5,958
mystery,97.0,108
limit,368.9,253
edgiest,1.5,17
lost,22.1,653
applies,2.5,21
behaviour,81.7,84
discussed,7.1,28
professions,16.6,46
straight,143.6,329
laugh,26.3,552
runescape,1.9,7
fictional,78.8,611
disproportionate,2.1,8
sound,24.7,1178
stuck,7.3,377
allowed,63.8,256
switch,10.4,213
hearts,1.9,21
favourite,7.4,1820
potluck,4.6,21
animal,10.4,974
government,20.8,405
icy,2.5,152
smile,5.4,156
cuntish,,1
afraid,24.2,253
qualities,4.4,78
hindered,2.6,5
gains,9.4,667
parents,33.0,2376
mahal,,1
ridiculous,70.7,538
walker,86.7,27
typical,26.9,231
radical,3.0,27
head,16.7,955
home,29.5,1622
rest,45.1,3556
compare,2.7,280
peaceful,2.1,27
comes,35.5,621
decided,4.5,197
ruin,20.9,629
automation,3.1,25
facebook,151.9,223
sitcom,24.9,67
wasn,71.8,393
metric,3.2,22
examples,2.6,264
cost,5.2,393
toy,17.7,167
shirts,1.6,22
widespread,2.2,18
encourage,53.4,62
talked,111.7,91
top,10.7,2626
didn,48.5,1364
ll,40.3,38135
meaning,58.9,392
favor,28.0,6773
persons,4.8,75
crew,25.8,337
pill,6.4,99
normal,47.9,967
partner,9.0,536
china,2.4,74
north,96.5,275
hop,13.4,812
wrong,73.2,1163
uses,41.7,416
felt,19.6,353
drop,5.3,319
pisses,20.5,144
through,17.5,1308
retail,2.8,302
littered,2.3,3
less,16.8,2188
best,25.9,12874
loneliness,4.2,43
community,31.4,260
he,36.2,110552
supposed,7.7,207
kill,70.7,1447
languages,21.3,118
done,54.1,3773
stupid,40.8,982
nashville,1.3,4
lead,105.4,414
flamingo,,1
not,58.0,9580
nation,26.8,1149
course,171.3,218
luckiest,3.8,68
lottery,13.3,111
worst,40.1,6408
large,20.2,403
eaters,3.8,128
white,35.1,386
ballpoint,,1
seems,15.2,443
addicted,125.6,119
genuine,21.4,284
volume,2.4,36
protect,208.1,166
mining,1.4,32
discovered,64.9,255
disappoint,101.0,249
least,18.8,875
realistic,118.6,202
dispatchers,4.2,12
liked,4.3,198
cringiest,2.4,126
appreciate,5.4,198
walks,8.5,38
they,46.6,5490
take,14.7,3049
every,58.6,4616
wish,32.7,2184
forced,8.4,178
ellen,2.4,38
deserves,13.8,187
grab,12.7,53
awesome,80.6,342
universe,37.4,362
proud,153.0,511
bitcoin,1.7,326
beggars,2.7,4
screws,8.9,7
evicted,0.5,2
faces,1.9,27
wished,56.7,91
giveaway,60.7,51
trump,52.6,962
needed,3.1,212
innocence,2.0,16
brave,20.5,33
absolutely,36.7,545
silicone,2.0,2
cents,3.4,41
drink,33.6,735
cheat,59.5,515
decision,2.9,518
miners,1.8,14
friend,36.5,3123
up,36.6,12957
guides,1.6,13
voted,2.1,193
ruins,6.9,39
can,32.0,11890
face,48.2,774
orgasm,3.7,77
likely,38.3,377
vegans,5.9,65
potato,3.4,49
measurement,4.4,10
realise,132.8,236
zones,6.7,11
profession,77.9,749
able,16.7,3732
satisfied,3.6,47
fast,119.3,845
outcomes,1.6,18
with,29.5,16001
dog,18.6,738
ice,43.3,6224
here,37.0,7386
a,36.3,200341
design,87.5,266
screwed,3.6,145
lingual,803.5,62
confess,4.8,85
instant,132.6,536
doesn,19.1,867
higher,10.6,90
innocent,104.5,135
has,22.3,8491
funeral,132.6,162
grouped,2.0,3
benefit,9.9,323
unlocked,17.2,13
thinking,26.2,362
dollar,13.4,379
